{"cameraMode":{"drawMode":0,"name":"Shaded","section":"Shading Mode"},"sceneLighting":true,"audioPlay":false,"sceneViewState":{"m_AlwaysRefresh":false,"showFog":true,"showSkybox":true,"showFlares":true,"showImageEffects":true,"showParticleSystems":true,"showVisualEffectGraphs":true,"m_FxEnabled":true},"in2DMode":false,"pivot":{"x":6.00486946105957,"y":-10.751422882080079,"z":97.24908447265625},"rotation":{"x":-0.06476213037967682,"y":0.0035903360694646837,"z":-0.00021596706937998533,"w":-0.9978552460670471},"size":58.86750793457031,"orthographic":false}